{
    "rmse": 0.7009253357580975,
    "mae": 0.5477408254980107,
    "r2": 0.2670210412334866
}